match_id,innings,bowling_team,bowler,overs,balls,maidens,runs_conceded,wickets,economy
1529228,1,India,Prasidh Krishna,5.0,30,0,45,1,9.0
1529228,1,India,Auqib Nabi,8.5,53,0,84,0,9.51
1529228,1,India,Gurnoor Brar,10.0,60,0,96,2,9.6
1529228,1,India,Naman Dhir,6.1,37,0,38,0,6.16
1529228,1,India,Ravindra Jadeja,10.0,60,0,75,2,7.5
1529228,1,India,Kuldeep Yadav,10.0,60,0,65,2,6.5
1529228,2,West Indies,Jayden Seales,8.0,48,0,78,1,9.75
1529228,2,West Indies,Alzarri Joseph,8.0,48,0,89,0,11.12
1529228,2,West Indies,Shamar Joseph,6.0,36,0,52,1,8.67
1529228,2,West Indies,Keemo Paul,3.0,18,0,49,0,16.33
1529228,2,West Indies,Roston Chase,8.3,51,0,63,0,7.41
1529228,2,West Indies,Vitel Lawes,10.0,60,0,73,0,7.3
