match_id,batting_team,innings,wicket_no,score,batter_out,over,runs_added,over_num
1529228,West Indies,1,1,37,Keacy Carty,5.0,37,5.0
1529228,West Indies,1,2,147,John Campbell,18.1,110,18.1667
1529228,West Indies,1,3,329,Shai Hope,40.0,182,40.0
1529228,West Indies,1,4,330,Sherfane Rutherford,40.2,1,40.3333
1529228,West Indies,1,5,348,Amir Jangoo,42.2,18,42.3333
1529228,West Indies,1,6,369,Keemo Paul,45.1,21,45.1667
1529228,West Indies,1,7,385,Alzarri Joseph,47.3,16,47.5
1529228,India,2,1,255,Rohit Sharma,26.2,255,26.3333
1529228,India,2,2,320,Virat Kohli,32.1,65,32.1667
