match_id,innings,batting_team,over_no,runs_in_over,cumulative_runs,cumulative_wickets,legal_balls,note
1529228,1,West Indies,1,4,4,0,6,IE commentary over summary
1529228,1,West Indies,2,7,11,0,6,IE commentary over summary
1529228,1,West Indies,3,5,16,0,6,IE commentary over summary
1529228,1,West Indies,4,17,33,0,6,IE commentary over summary
1529228,1,West Indies,5,4,37,1,6,IE commentary over summary
1529228,1,West Indies,6,11,48,1,6,IE commentary over summary
1529228,1,West Indies,7,22,70,1,6,IE commentary over summary
1529228,1,West Indies,8,8,78,1,6,IE commentary over summary
1529228,1,West Indies,9,7,85,1,6,IE commentary over summary
1529228,1,West Indies,10,11,96,1,6,IE commentary over summary
1529228,1,West Indies,11,8,104,1,6,IE commentary over summary
1529228,1,West Indies,12,6,110,1,6,IE commentary over summary
1529228,1,West Indies,13,8,118,1,6,IE commentary over summary
1529228,1,West Indies,14,9,127,1,6,IE commentary over summary
1529228,1,West Indies,15,5,132,1,6,IE commentary over summary
1529228,1,West Indies,16,3,135,1,6,IE commentary over summary
1529228,1,West Indies,17,9,144,1,6,IE commentary over summary
1529228,1,West Indies,18,3,147,1,6,IE commentary over summary
1529228,1,West Indies,19,6,153,2,6,IE commentary over summary
1529228,1,West Indies,20,5,158,2,6,IE commentary over summary
1529228,1,West Indies,21,13,171,2,6,IE commentary over summary
1529228,1,West Indies,22,6,177,2,6,IE commentary over summary
1529228,1,West Indies,23,8,185,2,6,IE commentary over summary
1529228,1,West Indies,24,7,192,2,6,IE commentary over summary
1529228,1,West Indies,25,6,198,2,6,IE commentary over summary
1529228,1,West Indies,26,9,207,2,6,IE commentary over summary
1529228,1,West Indies,27,7,214,2,6,IE commentary over summary
1529228,1,West Indies,28,7,221,2,6,IE commentary over summary
1529228,1,West Indies,29,10,231,2,6,IE commentary over summary
1529228,1,West Indies,30,3,234,2,6,IE commentary over summary
1529228,1,West Indies,31,10,244,2,6,IE commentary over summary
1529228,1,West Indies,32,7,251,2,6,IE commentary over summary
1529228,1,West Indies,33,8,259,2,6,IE commentary over summary
1529228,1,West Indies,34,3,262,2,6,IE commentary over summary
1529228,1,West Indies,35,9,271,2,6,IE commentary over summary
1529228,1,West Indies,36,12,283,2,6,IE commentary over summary
1529228,1,West Indies,37,13,296,2,6,IE commentary over summary
1529228,1,West Indies,38,8,304,2,6,IE commentary over summary
1529228,1,West Indies,39,19,323,2,6,IE commentary over summary
1529228,1,West Indies,40,6,329,3,6,IE commentary over summary
1529228,1,West Indies,41,4,333,4,6,IE commentary over summary
1529228,1,West Indies,42,14,347,4,6,IE commentary over summary
1529228,1,West Indies,43,1,348,5,6,IE commentary over summary
1529228,1,West Indies,44,12,360,5,6,IE commentary over summary
1529228,1,West Indies,45,9,369,5,6,IE commentary over summary
1529228,1,West Indies,46,2,371,6,6,IE commentary over summary
1529228,1,West Indies,47,9,380,6,6,IE commentary over summary
1529228,1,West Indies,48,13,393,7,6,IE commentary over summary
1529228,1,West Indies,49,5,398,7,6,IE commentary over summary
1529228,1,West Indies,50,7,405,7,6,IE commentary over summary
1529228,2,India,1,8,8,0,6,IE commentary over summary
1529228,2,India,2,14,22,0,6,IE commentary over summary
1529228,2,India,3,5,27,0,6,IE commentary over summary
1529228,2,India,4,5,32,0,6,IE commentary over summary
1529228,2,India,5,1,33,0,6,IE commentary over summary
1529228,2,India,6,11,44,0,6,IE commentary over summary
1529228,2,India,7,12,56,0,6,IE commentary over summary
1529228,2,India,8,17,73,0,6,IE commentary over summary
1529228,2,India,9,2,75,0,6,IE commentary over summary
1529228,2,India,10,17,92,0,6,IE commentary over summary
1529228,2,India,11,6,98,0,6,IE commentary over summary
1529228,2,India,12,8,106,0,6,IE commentary over summary
1529228,2,India,13,7,113,0,6,IE commentary over summary
1529228,2,India,14,8,121,0,6,IE commentary over summary
1529228,2,India,15,15,136,0,6,IE commentary over summary
1529228,2,India,16,16,152,0,6,IE commentary over summary
1529228,2,India,17,17,169,0,6,IE commentary over summary
1529228,2,India,18,3,172,0,6,IE commentary over summary
1529228,2,India,19,10,182,0,6,IE commentary over summary
1529228,2,India,20,6,188,0,6,IE commentary over summary
1529228,2,India,21,11,199,0,6,IE commentary over summary
1529228,2,India,22,7,206,0,6,IE commentary over summary
1529228,2,India,23,13,219,0,6,IE commentary over summary
1529228,2,India,24,13,232,0,6,IE commentary over summary
1529228,2,India,25,18,250,0,6,IE commentary over summary
1529228,2,India,26,4,254,0,6,IE commentary over summary
1529228,2,India,27,8,262,1,6,IE commentary over summary
1529228,2,India,28,9,271,1,6,IE commentary over summary
1529228,2,India,29,25,296,1,6,IE commentary over summary
1529228,2,India,30,9,305,1,6,IE commentary over summary
1529228,2,India,31,10,315,1,6,IE commentary over summary
1529228,2,India,32,5,320,1,6,IE commentary over summary
1529228,2,India,33,5,325,2,6,IE commentary over summary
1529228,2,India,34,7,332,2,6,IE commentary over summary
1529228,2,India,35,7,339,2,6,IE commentary over summary
1529228,2,India,36,5,344,2,6,IE commentary over summary
1529228,2,India,37,12,356,2,6,IE commentary over summary
1529228,2,India,38,8,364,2,6,IE commentary over summary
1529228,2,India,39,4,368,2,6,IE commentary over summary
1529228,2,India,40,4,372,2,6,IE commentary over summary
1529228,2,India,41,13,385,2,6,IE commentary over summary
1529228,2,India,42,3,388,2,6,IE commentary over summary
1529228,2,India,43,12,400,2,6,IE commentary over summary
1529228,2,India,44,6,406,2,3,partial over (3 balls) from ball-by-ball commentary
